full_name,stars,watchers,forks,stars_delta,watchers_delta,forks_delta,url
anthropics/claude-code,80029,80029,6606,102,102,18,https://github.com/anthropics/claude-code
affaan-m/everything-claude-code,87546,87546,11474,614,614,92,https://github.com/affaan-m/everything-claude-code
shareAI-lab/learn-claude-code,33454,33454,5456,338,338,35,https://github.com/shareAI-lab/learn-claude-code
musistudio/claude-code-router,30018,30018,2307,19,19,4,https://github.com/musistudio/claude-code-router
davila7/claude-code-templates,23216,23216,2220,12,12,1,https://github.com/davila7/claude-code-templates
hesreallyhim/awesome-claude-code,29156,29156,1963,46,46,6,https://github.com/hesreallyhim/awesome-claude-code
shanraisshan/claude-code-best-practice,18868,18868,1654,102,102,4,https://github.com/shanraisshan/claude-code-best-practice
anthropics/claude-code-action,6384,6384,1569,5,5,0,https://github.com/anthropics/claude-code-action
VoltAgent/awesome-claude-code-subagents,14399,14399,1599,42,42,6,https://github.com/VoltAgent/awesome-claude-code-subagents
diet103/claude-code-infrastructure-showcase,9283,9283,1196,2,2,0,https://github.com/diet103/claude-code-infrastructure-showcase
frankbria/ralph-claude-code,8015,8015,573,11,11,1,https://github.com/frankbria/ralph-claude-code
Piebald-AI/claude-code-system-prompts,6174,6174,852,23,23,0,https://github.com/Piebald-AI/claude-code-system-prompts
ChrisWiles/claude-code-showcase,5543,5543,479,0,0,0,https://github.com/ChrisWiles/claude-code-showcase
OneRedOak/claude-code-workflows,3721,3721,547,0,0,0,https://github.com/OneRedOak/claude-code-workflows
ykdojo/claude-code-tips,5937,5937,402,125,125,6,https://github.com/ykdojo/claude-code-tips
1rgs/claude-code-proxy,3263,3263,429,4,4,0,https://github.com/1rgs/claude-code-proxy
pedrohcgs/claude-code-my-workflow,691,691,1244,4,4,16,https://github.com/pedrohcgs/claude-code-my-workflow
disler/claude-code-hooks-mastery,3340,3340,579,2,2,1,https://github.com/disler/claude-code-hooks-mastery
zebbern/claude-code-guide,3668,3668,339,4,4,1,https://github.com/zebbern/claude-code-guide
kodu-ai/claude-coder,5288,5288,197,0,0,0,https://github.com/kodu-ai/claude-coder
anthropics/skills,97701,97701,10570,243,243,37,https://github.com/anthropics/skills
Maciek-roboblog/Claude-Code-Usage-Monitor,7026,7026,340,5,5,1,https://github.com/Maciek-roboblog/Claude-Code-Usage-Monitor
Yuyz0112/claude-code-reverse,2208,2208,367,0,0,0,https://github.com/Yuyz0112/claude-code-reverse
qwibitai/nanoclaw,24319,24319,7021,54,54,50,https://github.com/qwibitai/nanoclaw
fuergaosi233/claude-code-proxy,2187,2187,314,1,1,0,https://github.com/fuergaosi233/claude-code-proxy
RichardAtCT/claude-code-telegram,2150,2150,278,1,1,-1,https://github.com/RichardAtCT/claude-code-telegram
anthropics/claude-code-security-review,3870,3870,322,5,5,0,https://github.com/anthropics/claude-code-security-review
Cranot/claude-code-guide,2502,2502,262,1,1,0,https://github.com/Cranot/claude-code-guide
sickn33/antigravity-awesome-skills,25876,25876,4427,79,79,18,https://github.com/sickn33/antigravity-awesome-skills
anthropics/claude-code-base-action,612,612,590,1,1,0,https://github.com/anthropics/claude-code-base-action
https-deeplearning-ai/sc-claude-code-files,455,455,618,0,0,0,https://github.com/https-deeplearning-ai/sc-claude-code-files
ding113/claude-code-hub,1975,1975,236,6,6,1,https://github.com/ding113/claude-code-hub
edmund-io/edmunds-claude-code,1338,1338,276,0,0,0,https://github.com/edmund-io/edmunds-claude-code
FlorianBruniaux/claude-code-ultimate-guide,1987,1987,310,18,18,2,https://github.com/FlorianBruniaux/claude-code-ultimate-guide
router-for-me/CLIProxyAPI,18220,18220,2959,91,91,18,https://github.com/router-for-me/CLIProxyAPI
wshobson/agents,31719,31719,3465,42,42,5,https://github.com/wshobson/agents
Pimzino/claude-code-spec-workflow,3556,3556,249,1,1,0,https://github.com/Pimzino/claude-code-spec-workflow
snarktank/ralph,13287,13287,1389,21,21,0,https://github.com/snarktank/ralph
EveryInc/compound-engineering-plugin,10621,10621,853,17,17,1,https://github.com/EveryInc/compound-engineering-plugin
eyaltoledano/claude-task-master,25991,25991,2449,3,3,1,https://github.com/eyaltoledano/claude-task-master
feiskyer/claude-code-settings,1326,1326,196,1,1,0,https://github.com/feiskyer/claude-code-settings
carlvellotti/claude-code-pm-course,1645,1645,246,1,1,0,https://github.com/carlvellotti/claude-code-pm-course
siteboon/claudecodeui,8650,8650,1102,13,13,3,https://github.com/siteboon/claudecodeui
obra/superpowers,98726,98726,7866,764,764,73,https://github.com/obra/superpowers
sugyan/claude-code-webui,969,969,222,-1,-1,0,https://github.com/sugyan/claude-code-webui
zhukunpenglinyutong/idea-claude-code-gui,2018,2018,225,2,2,0,https://github.com/zhukunpenglinyutong/idea-claude-code-gui
centminmod/my-claude-code-setup,2083,2083,207,1,1,0,https://github.com/centminmod/my-claude-code-setup
lst97/claude-code-sub-agents,1476,1476,236,1,1,0,https://github.com/lst97/claude-code-sub-agents
ghuntley/claude-code-source-code-deobfuscation,864,864,422,0,0,0,https://github.com/ghuntley/claude-code-source-code-deobfuscation
nishimoto265/Claude-Code-Communication,495,495,237,1,1,0,https://github.com/nishimoto265/Claude-Code-Communication
bfly123/claude_code_bridge,1692,1692,152,9,9,2,https://github.com/bfly123/claude_code_bridge
darcyegb/ClaudeCodeAgents,606,606,53,1,1,0,https://github.com/darcyegb/ClaudeCodeAgents
anthropics/claude-plugins-official,12765,12765,1247,32,32,6,https://github.com/anthropics/claude-plugins-official
slopus/happy,15749,15749,1234,30,30,6,https://github.com/slopus/happy
andrepimenta/claude-code-chat,1003,1003,155,0,0,0,https://github.com/andrepimenta/claude-code-chat
rizethereum/claude-code-requirements-builder,1759,1759,173,1,1,0,https://github.com/rizethereum/claude-code-requirements-builder
Njengah/claude-code-cheat-sheet,1451,1451,183,1,1,0,https://github.com/Njengah/claude-code-cheat-sheet
trailofbits/claude-code-config,1625,1625,124,2,2,0,https://github.com/trailofbits/claude-code-config
farion1231/cc-switch,30504,30504,1838,120,120,5,https://github.com/farion1231/cc-switch
steipete/claude-code-mcp,1179,1179,144,0,0,0,https://github.com/steipete/claude-code-mcp
disler/claude-code-hooks-multi-agent-observability,1279,1279,355,0,0,-1,https://github.com/disler/claude-code-hooks-multi-agent-observability
catlog22/Claude-Code-Workflow,1500,1500,123,0,0,0,https://github.com/catlog22/Claude-Code-Workflow
KimYx0207/Claude-Code-x-OpenClaw-Guide-Zh,2153,2153,356,7,7,1,https://github.com/KimYx0207/Claude-Code-x-OpenClaw-Guide-Zh
0xfurai/claude-code-subagents,782,782,144,0,0,0,https://github.com/0xfurai/claude-code-subagents
simonw/claude-code-transcripts,1145,1145,130,0,0,0,https://github.com/simonw/claude-code-transcripts
jeremylongshore/claude-code-plugins-plus-skills,1651,1651,207,1,1,1,https://github.com/jeremylongshore/claude-code-plugins-plus-skills
JessyTsui/Claude-Code-Remote,1171,1171,124,1,1,0,https://github.com/JessyTsui/Claude-Code-Remote
wanshuiyin/Auto-claude-code-research-in-sleep,2581,2581,222,73,73,8,https://github.com/wanshuiyin/Auto-claude-code-research-in-sleep
cixingguangming55555/wechat-bot,2533,2533,664,0,0,1,https://github.com/cixingguangming55555/wechat-bot
Alishahryar1/free-claude-code,1036,1036,126,6,6,1,https://github.com/Alishahryar1/free-claude-code
github/spec-kit,78563,78563,6664,103,103,8,https://github.com/github/spec-kit
jarrodwatts/claude-code-config,981,981,125,0,0,0,https://github.com/jarrodwatts/claude-code-config
alirezarezvani/claude-skills,5946,5946,693,45,45,4,https://github.com/alirezarezvani/claude-skills
peterkrueck/Claude-Code-Development-Kit,1328,1328,153,0,0,0,https://github.com/peterkrueck/Claude-Code-Development-Kit
pchalasani/claude-code-tools,1594,1594,100,1,1,0,https://github.com/pchalasani/claude-code-tools
alirezarezvani/claude-code-tresor,629,629,141,0,0,0,https://github.com/alirezarezvani/claude-code-tresor
winfunc/opcode,21010,21010,1618,0,0,0,https://github.com/winfunc/opcode
d-kimuson/claude-code-viewer,984,984,115,0,0,0,https://github.com/d-kimuson/claude-code-viewer
revfactory/claude-code-mastering,762,762,124,0,0,0,https://github.com/revfactory/claude-code-mastering
OthmanAdi/planning-with-files,16550,16550,1513,30,30,3,https://github.com/OthmanAdi/planning-with-files
wasabeef/claude-code-cookbook,1044,1044,111,0,0,0,https://github.com/wasabeef/claude-code-cookbook
rohitg00/awesome-claude-code-toolkit,857,857,160,5,5,1,https://github.com/rohitg00/awesome-claude-code-toolkit
ComposioHQ/awesome-claude-skills,46060,46060,4681,97,97,10,https://github.com/ComposioHQ/awesome-claude-skills
anthropics/claude-agent-sdk-demos,1758,1758,270,4,4,0,https://github.com/anthropics/claude-agent-sdk-demos
Yeachan-Heo/oh-my-claudecode,10456,10456,730,31,31,2,https://github.com/Yeachan-Heo/oh-my-claudecode
code-yeongyu/oh-my-openagent,41539,41539,3105,83,83,3,https://github.com/code-yeongyu/oh-my-openagent
severity1/claude-code-prompt-improver,1294,1294,111,2,2,0,https://github.com/severity1/claude-code-prompt-improver
anomalyco/opencode,125416,125416,13201,189,189,34,https://github.com/anomalyco/opencode
numman-ali/openskills,9104,9104,584,2,2,1,https://github.com/numman-ali/openskills
daymade/claude-code-skills,689,689,106,0,0,1,https://github.com/daymade/claude-code-skills
ericbuess/claude-code-docs,744,744,104,0,0,0,https://github.com/ericbuess/claude-code-docs
MadAppGang/claude-code,247,247,25,0,0,0,https://github.com/MadAppGang/claude-code
ccplugins/awesome-claude-code-plugins,636,636,140,0,0,4,https://github.com/ccplugins/awesome-claude-code-plugins
lyconear/Claude-Code,4,4,149,0,0,0,https://github.com/lyconear/Claude-Code
anthropics/claude-agent-sdk-python,5589,5589,748,8,8,1,https://github.com/anthropics/claude-agent-sdk-python
greggh/claude-code.nvim,1933,1933,62,0,0,0,https://github.com/greggh/claude-code.nvim
opactorai/Claudable,3819,3819,570,3819,3819,570,https://github.com/opactorai/Claudable
PleasePrompto/notebooklm-skill,4708,4708,486,12,12,0,https://github.com/PleasePrompto/notebooklm-skill
disler/pi-vs-claude-code,500,500,147,2,2,0,https://github.com/disler/pi-vs-claude-code
timothywarner-org/claude-code,201,201,28,201,201,28,https://github.com/timothywarner-org/claude-code
